<ImportExportXml xmlns:xsi="http://www.w3.org/2001/XMLSchema-instance" OrganizationVersion="9.2.25052.220" OrganizationSchemaType="Standard" CRMServerServiceabilityVersion="9.2.25052.00220">
  <Entities></Entities>
  <Roles></Roles>
  <Workflows>
    <Workflow WorkflowId="{feba5c5d-5e4b-f011-8779-000d3a5ca4b0}" Name="check_badge">
      <JsonFileName>/Workflows/check_badge-FEBA5C5D-5E4B-F011-8779-000D3A5CA4B0.json</JsonFileName>
      <Type>1</Type>
      <Subprocess>0</Subprocess>
      <Category>5</Category>
      <Mode>0</Mode>
      <Scope>4</Scope>
      <OnDemand>0</OnDemand>
      <TriggerOnCreate>0</TriggerOnCreate>
      <TriggerOnDelete>0</TriggerOnDelete>
      <AsyncAutodelete>0</AsyncAutodelete>
      <SyncWorkflowLogOnFailure>0</SyncWorkflowLogOnFailure>
      <StateCode>1</StateCode>
      <StatusCode>2</StatusCode>
      <RunAs>1</RunAs>
      <IsTransacted>1</IsTransacted>
      <IntroducedVersion>1.0.0.0</IntroducedVersion>
      <IsCustomizable>1</IsCustomizable>
      <BusinessProcessType>0</BusinessProcessType>
      <IsCustomProcessingStepAllowedForOtherPublishers>1</IsCustomProcessingStepAllowedForOtherPublishers>
      <ModernFlowType>0</ModernFlowType>
      <PrimaryEntity>none</PrimaryEntity>
      <LocalizedNames>
        <LocalizedName languagecode="1033" description="check_badge" />
      </LocalizedNames>
    </Workflow>
    <Workflow WorkflowId="{ffba5c5d-5e4b-f011-8779-000d3a5ca4b0}" Name="Remainder course not finished">
      <JsonFileName>/Workflows/Remaindercoursenotfinished-FFBA5C5D-5E4B-F011-8779-000D3A5CA4B0.json</JsonFileName>
      <Type>1</Type>
      <Subprocess>0</Subprocess>
      <Category>5</Category>
      <Mode>0</Mode>
      <Scope>4</Scope>
      <OnDemand>0</OnDemand>
      <TriggerOnCreate>0</TriggerOnCreate>
      <TriggerOnDelete>0</TriggerOnDelete>
      <AsyncAutodelete>0</AsyncAutodelete>
      <SyncWorkflowLogOnFailure>0</SyncWorkflowLogOnFailure>
      <StateCode>0</StateCode>
      <StatusCode>1</StatusCode>
      <RunAs>1</RunAs>
      <IsTransacted>1</IsTransacted>
      <IntroducedVersion>1.0.0.0</IntroducedVersion>
      <IsCustomizable>1</IsCustomizable>
      <BusinessProcessType>0</BusinessProcessType>
      <IsCustomProcessingStepAllowedForOtherPublishers>1</IsCustomProcessingStepAllowedForOtherPublishers>
      <ModernFlowType>0</ModernFlowType>
      <PrimaryEntity>none</PrimaryEntity>
      <LocalizedNames>
        <LocalizedName languagecode="1033" description="Remainder course not finished" />
      </LocalizedNames>
    </Workflow>
    <Workflow WorkflowId="{00bb5c5d-5e4b-f011-8779-000d3a5ca4b0}" Name="Send_help_request">
      <JsonFileName>/Workflows/Send_help_request-00BB5C5D-5E4B-F011-8779-000D3A5CA4B0.json</JsonFileName>
      <Type>1</Type>
      <Subprocess>0</Subprocess>
      <Category>5</Category>
      <Mode>0</Mode>
      <Scope>4</Scope>
      <OnDemand>0</OnDemand>
      <TriggerOnCreate>0</TriggerOnCreate>
      <TriggerOnDelete>0</TriggerOnDelete>
      <AsyncAutodelete>0</AsyncAutodelete>
      <SyncWorkflowLogOnFailure>0</SyncWorkflowLogOnFailure>
      <StateCode>1</StateCode>
      <StatusCode>2</StatusCode>
      <RunAs>1</RunAs>
      <IsTransacted>1</IsTransacted>
      <IntroducedVersion>1.0.0.0</IntroducedVersion>
      <IsCustomizable>1</IsCustomizable>
      <BusinessProcessType>0</BusinessProcessType>
      <IsCustomProcessingStepAllowedForOtherPublishers>1</IsCustomProcessingStepAllowedForOtherPublishers>
      <ModernFlowType>0</ModernFlowType>
      <PrimaryEntity>none</PrimaryEntity>
      <LocalizedNames>
        <LocalizedName languagecode="1033" description="Send_help_request" />
      </LocalizedNames>
    </Workflow>
    <Workflow WorkflowId="{01bb5c5d-5e4b-f011-8779-000d3a5ca4b0}" Name="Remainder people not logged">
      <JsonFileName>/Workflows/Remainderpeoplenotlogged-01BB5C5D-5E4B-F011-8779-000D3A5CA4B0.json</JsonFileName>
      <Type>1</Type>
      <Subprocess>0</Subprocess>
      <Category>5</Category>
      <Mode>0</Mode>
      <Scope>4</Scope>
      <OnDemand>0</OnDemand>
      <TriggerOnCreate>0</TriggerOnCreate>
      <TriggerOnDelete>0</TriggerOnDelete>
      <AsyncAutodelete>0</AsyncAutodelete>
      <SyncWorkflowLogOnFailure>0</SyncWorkflowLogOnFailure>
      <StateCode>0</StateCode>
      <StatusCode>1</StatusCode>
      <RunAs>1</RunAs>
      <IsTransacted>1</IsTransacted>
      <IntroducedVersion>1.0.0.0</IntroducedVersion>
      <IsCustomizable>1</IsCustomizable>
      <BusinessProcessType>0</BusinessProcessType>
      <IsCustomProcessingStepAllowedForOtherPublishers>1</IsCustomProcessingStepAllowedForOtherPublishers>
      <ModernFlowType>0</ModernFlowType>
      <PrimaryEntity>none</PrimaryEntity>
      <LocalizedNames>
        <LocalizedName languagecode="1033" description="Remainder people not logged" />
      </LocalizedNames>
    </Workflow>
    <Workflow WorkflowId="{96035563-5e4b-f011-8779-000d3a5ca4b0}" Name="Send Credencials">
      <JsonFileName>/Workflows/SendCredencials-96035563-5E4B-F011-8779-000D3A5CA4B0.json</JsonFileName>
      <Type>1</Type>
      <Subprocess>0</Subprocess>
      <Category>5</Category>
      <Mode>0</Mode>
      <Scope>4</Scope>
      <OnDemand>0</OnDemand>
      <TriggerOnCreate>0</TriggerOnCreate>
      <TriggerOnDelete>0</TriggerOnDelete>
      <AsyncAutodelete>0</AsyncAutodelete>
      <SyncWorkflowLogOnFailure>0</SyncWorkflowLogOnFailure>
      <StateCode>1</StateCode>
      <StatusCode>2</StatusCode>
      <RunAs>1</RunAs>
      <IsTransacted>1</IsTransacted>
      <IntroducedVersion>1.0.0.0</IntroducedVersion>
      <IsCustomizable>1</IsCustomizable>
      <BusinessProcessType>0</BusinessProcessType>
      <IsCustomProcessingStepAllowedForOtherPublishers>1</IsCustomProcessingStepAllowedForOtherPublishers>
      <ModernFlowType>0</ModernFlowType>
      <PrimaryEntity>none</PrimaryEntity>
      <LocalizedNames>
        <LocalizedName languagecode="1033" description="Send Credencials" />
      </LocalizedNames>
    </Workflow>
  </Workflows>
  <FieldSecurityProfiles></FieldSecurityProfiles>
  <Templates />
  <EntityMaps />
  <EntityRelationships />
  <OrganizationSettings />
  <optionsets />
  <CustomControls />
  <EntityDataProviders />
  <CanvasApps>
    <CanvasApp>
      <Name>creee_readinessapp_63638</Name>
      <AppVersion>2025-06-18T09:05:28Z</AppVersion>
      <Status>Ready</Status>
      <CreatedByClientVersion>3.25061.7.0</CreatedByClientVersion>
      <MinClientVersion>3.25061.7.0</MinClientVersion>
      <Tags>{"primaryDeviceWidth":"1366","primaryDeviceHeight":"768","supportsPortrait":"true","supportsLandscape":"true","primaryFormFactor":"Tablet","showStatusBar":"false","publisherVersion":"3.25061.7","minimumRequiredApiVersion":"2.2.0","hasComponent":"true","hasUnlockedComponent":"true","isUnifiedRootApp":"false","sienaVersion":"20250523T151216Z-3.25044.10.0","coauthoringEnabled":"true","multipleWritersEnabled":"true","acceptedCoauthoringTerms":"true"}</Tags>
      <IsCdsUpgraded>0</IsCdsUpgraded>
      <GalleryItemId xsi:nil="true"></GalleryItemId>
      <BackgroundColor>rgba(203, 102, 102, 1)</BackgroundColor>
      <DisplayName>Readiness App</DisplayName>
      <Description xsi:nil="true"></Description>
      <CommitMessage xsi:nil="true"></CommitMessage>
      <Publisher xsi:nil="true"></Publisher>
      <AuthorizationReferences>[]</AuthorizationReferences>
      <ConnectionReferences>{"69040a20-b4ed-4e1a-a21f-86de5c89e1bc":{"id":"/providers/microsoft.powerapps/apis/shared_sharepointonline","displayName":"SharePoint","iconUri":"https://conn-afd-prod-endpoint-bmc9bqahasf3grgk.b01.azurefd.net/releases/v1.0.1745/1.0.1745.4169/sharepointonline/icon.png","dataSources":["Onboarding Users","Onboarding Control"],"dependencies":[],"dependents":["c0480fce-ef11-45b0-85f0-55843951941c"],"parameterHints":{},"parameterHintsV2":{},"isOnPremiseConnection":false,"bypassConsent":false,"dataSets":{"https://a830edad9050849tsqb9gp2rpoc-my.sharepoint.com/personal/nerea_a830edad9050849tsqb9gp2rpoc_onmicrosoft_com":{"dataSources":{"Onboarding Users":{"tableName":"e609c999-7d94-49b0-b512-1b95ebbaba1b"},"Onboarding Control":{"tableName":"1f0ab74d-272b-4492-84f3-26046d8bbc12"}}}},"apiTier":"Standard","actions":["providers/PowerPlatform.Governance/Operations/Read","providers/PowerPlatform.Governance/Operations/Write"],"isCustomApiSolutionAware":false},"5ee9714c-a35d-48fd-9dbb-5e37cb1391c7":{"id":"/providers/microsoft.powerapps/apis/shared_logicflows","displayName":"Logic flows","iconUri":"https://conn-afd-prod-endpoint-bmc9bqahasf3grgk.b01.azurefd.net/v1.0.1752/1.0.1752.4216/logicflows/icon.png","dataSources":["check_badge"],"dependencies":["5323d022-a884-441a-9dd0-a1048fc28b0d"],"dependents":[],"parameterHints":{"workflowName":{"value":"5967492d-594c-49aa-8848-fa3bd47904a9"},"workflowEntityId":{},"workflowDisplayName":{"value":"check_badge"},"5323d022-a884-441a-9dd0-a1048fc28b0d":{"value":"shared_verify-5fbgs-5fd050e4e664aa1b06-5f1c49b98db7dcad8e"}},"parameterHintsV2":{"workflowName":{"value":"5967492d-594c-49aa-8848-fa3bd47904a9"},"workflowEntityId":{},"workflowDisplayName":{"value":"check_badge"},"shared_verify-5fbgs-5fd050e4e664aa1b06-5f1c49b98db7dcad8e":{"value":"5323d022-a884-441a-9dd0-a1048fc28b0d"}},"isOnPremiseConnection":false,"bypassConsent":false,"dataSets":{},"apiTier":"Standard","actions":["Run"],"isCustomApiSolutionAware":false},"5323d022-a884-441a-9dd0-a1048fc28b0d":{"id":"/providers/microsoft.powerapps/apis/shared_verify-5fbgs-5fd318954f8c20f911-5f8125b0179e1d7666","displayName":"verify_bgs","iconUri":"https://defaulticons.powerapps.com/defaulticons/api-dedicated.png","dataSources":[],"dependencies":[],"dependents":["5ee9714c-a35d-48fd-9dbb-5e37cb1391c7"],"parameterHints":{},"parameterHintsV2":{},"isOnPremiseConnection":false,"bypassConsent":false,"dataSets":{},"apiTier":"Standard","isCustomApiSolutionAware":false},"c0480fce-ef11-45b0-85f0-55843951941c":{"id":"/providers/microsoft.powerapps/apis/shared_logicflows","displayName":"Logic flows","iconUri":"https://conn-afd-prod-endpoint-bmc9bqahasf3grgk.b01.azurefd.net/v1.0.1752/1.0.1752.4216/logicflows/icon.png","dataSources":["Send_help_request"],"dependencies":["69040a20-b4ed-4e1a-a21f-86de5c89e1bc","a32c1eb0-be92-4f2b-844b-4bc0905116a5"],"dependents":[],"parameterHints":{"workflowName":{"value":"86b971e2-7dca-4913-9098-38815b40b4c6"},"workflowEntityId":{},"workflowDisplayName":{"value":"Send_help_request"},"69040a20-b4ed-4e1a-a21f-86de5c89e1bc":{"value":"shared_sharepointonline_1"},"a32c1eb0-be92-4f2b-844b-4bc0905116a5":{"value":"shared_office365_1"}},"parameterHintsV2":{"workflowName":{"value":"86b971e2-7dca-4913-9098-38815b40b4c6"},"workflowEntityId":{},"workflowDisplayName":{"value":"Send_help_request"},"shared_sharepointonline_1":{"value":"69040a20-b4ed-4e1a-a21f-86de5c89e1bc"},"shared_office365_1":{"value":"a32c1eb0-be92-4f2b-844b-4bc0905116a5"}},"isOnPremiseConnection":false,"bypassConsent":false,"dataSets":{},"apiTier":"Standard","actions":["Run"],"isCustomApiSolutionAware":false},"a32c1eb0-be92-4f2b-844b-4bc0905116a5":{"id":"/providers/microsoft.powerapps/apis/shared_office365","displayName":"Office 365 Outlook","iconUri":"https://conn-afd-prod-endpoint-bmc9bqahasf3grgk.b01.azurefd.net/v1.0.1751/1.0.1751.4216/office365/icon.png","dataSources":[],"dependencies":[],"dependents":["c0480fce-ef11-45b0-85f0-55843951941c"],"parameterHints":{},"parameterHintsV2":{},"isOnPremiseConnection":false,"bypassConsent":false,"dataSets":{},"apiTier":"Standard","isCustomApiSolutionAware":false}}</ConnectionReferences>
      <DatabaseReferences>{}</DatabaseReferences>
      <AppComponents>[]</AppComponents>
      <AppComponentDependencies>[]</AppComponentDependencies>
      <CanConsumeAppPass>1</CanConsumeAppPass>
      <CanvasAppType>0</CanvasAppType>
      <BypassConsent>0</BypassConsent>
      <AdminControlBypassConsent>0</AdminControlBypassConsent>
      <EmbeddedApp xsi:nil="true"></EmbeddedApp>
      <IntroducedVersion>1.0</IntroducedVersion>
      <CdsDependencies>{"cdsdependencies":[]}</CdsDependencies>
      <IsCustomizable>1</IsCustomizable>
      <BackgroundImageUri>/CanvasApps/creee_readinessapp_63638_BackgroundImageUri</BackgroundImageUri>
      <DocumentUri>/CanvasApps/creee_readinessapp_63638_DocumentUri.msapp</DocumentUri>
      <AdditionalUris>
        <AdditionalUri>/CanvasApps/creee_readinessapp_63638_AdditionalUris0_identity.json</AdditionalUri>
      </AdditionalUris>
    </CanvasApp>
  </CanvasApps>
  <connectionreferences>
    <connectionreference connectionreferencelogicalname="creee_sharedoffice365_fd6e1">
      <connectionreferencedisplayname>Office 365 Outlook OnboardingApp-fd6e1</connectionreferencedisplayname>
      <connectorid>/providers/Microsoft.PowerApps/apis/shared_office365</connectorid>
      <iscustomizable>1</iscustomizable>
      <promptingbehavior>0</promptingbehavior>
      <statecode>0</statecode>
      <statuscode>1</statuscode>
    </connectionreference>
    <connectionreference connectionreferencelogicalname="creee_sharedsharepointonline_a438a">
      <connectionreferencedisplayname>SharePoint OnboardingApp-a438a</connectionreferencedisplayname>
      <connectorid>/providers/Microsoft.PowerApps/apis/shared_sharepointonline</connectorid>
      <iscustomizable>1</iscustomizable>
      <promptingbehavior>0</promptingbehavior>
      <statecode>0</statecode>
      <statuscode>1</statuscode>
    </connectionreference>
    <connectionreference connectionreferencelogicalname="creee_sharedverify5fbgs5fd318954f8c20f9115f8125b0179e1d7666_5d683">
      <connectionreferencedisplayname>verify_bgs OnboardingApp-5d683</connectionreferencedisplayname>
      <connectorid>/providers/Microsoft.PowerApps/apis/shared_verify-5fbgs-5fd318954f8c20f911-5f8125b0179e1d7666</connectorid>
      <iscustomizable>1</iscustomizable>
      <promptingbehavior>0</promptingbehavior>
      <statecode>0</statecode>
      <statuscode>1</statuscode>
    </connectionreference>
  </connectionreferences>
  <Languages>
    <Language>1033</Language>
  </Languages>
</ImportExportXml>