{
  "properties": {
    "connectionReferences": {
      "shared_verify-5fbgs-5fd050e4e664aa1b06-5f1c49b98db7dcad8e": {
        "runtimeSource": "invoker",
        "connection": {
          "connectionReferenceLogicalName": "creee_sharedverify5fbgs5fd318954f8c20f9115f8125b0179e1d7666_5d683"
        },
        "api": {
          "name": "shared_verify-5fbgs-5fd318954f8c20f911-5f8125b0179e1d7666"
        }
      }
    },
    "definition": {
      "$schema": "https://schema.management.azure.com/providers/Microsoft.Logic/schemas/2016-06-01/workflowdefinition.json#",
      "contentVersion": "1.0.0.0",
      "parameters": {
        "$connections": {
          "defaultValue": {},
          "type": "Object"
        },
        "$authentication": {
          "defaultValue": {},
          "type": "SecureObject"
        }
      },
      "triggers": {
        "manual": {
          "metadata": {
            "operationMetadataId": "0c66a8f2-8d30-4429-ae72-e9e540d872b0"
          },
          "type": "Request",
          "kind": "PowerAppV2",
          "inputs": {
            "schema": {
              "type": "object",
              "properties": {
                "number": {
                  "title": "id",
                  "type": "number",
                  "x-ms-dynamically-added": true,
                  "description": "Descr",
                  "x-ms-content-hint": "NUMBER"
                },
                "text": {
                  "title": "name_user",
                  "type": "string",
                  "x-ms-dynamically-added": true,
                  "description": "Descr",
                  "x-ms-content-hint": "TEXT"
                },
                "text_1": {
                  "title": "link",
                  "type": "string",
                  "x-ms-dynamically-added": true,
                  "description": "Descr",
                  "x-ms-content-hint": "TEXT"
                }
              },
              "required": [
                "number",
                "text",
                "text_1"
              ]
            }
          }
        }
      },
      "actions": {
        "Obtain_verification_result": {
          "runAfter": {},
          "metadata": {
            "operationMetadataId": "dbbb4ed0-d69f-4e69-af04-14fb28c443d7"
          },
          "type": "OpenApiConnection",
          "inputs": {
            "host": {
              "apiId": "/providers/Microsoft.PowerApps/apis/shared_verify-5fbgs-5fd318954f8c20f911-5f8125b0179e1d7666",
              "connectionName": "shared_verify-5fbgs-5fd050e4e664aa1b06-5f1c49b98db7dcad8e",
              "operationId": "ObtainVerification"
            },
            "parameters": {
              "link": "@triggerBody()['text_1']",
              "name": "@triggerBody()['text']",
              "id": "@triggerBody()['number']"
            },
            "authentication": {
              "value": "@json(decodeBase64(triggerOutputs().headers['X-MS-APIM-Tokens']))['$ConnectionKey']",
              "type": "Raw"
            }
          }
        },
        "Respond_to_a_Power_App_or_flow": {
          "runAfter": {
            "Obtain_verification_result": [
              "Succeeded"
            ]
          },
          "metadata": {
            "operationMetadataId": "bf4add93-77b0-4e49-a452-b3f64792ac53"
          },
          "type": "Response",
          "kind": "PowerApp",
          "inputs": {
            "statusCode": 200,
            "body": {
              "valid": "@{outputs('Obtain_verification_result')?['body/valid']}"
            },
            "schema": {
              "type": "object",
              "properties": {
                "valid": {
                  "title": "valid",
                  "x-ms-dynamically-added": true,
                  "type": "string"
                }
              }
            }
          }
        }
      }
    },
    "templateName": null
  },
  "schemaVersion": "1.0.0.0"
}