{
  "properties": {
    "connectionReferences": {
      "shared_sharepointonline_1": {
        "runtimeSource": "embedded",
        "connection": {
          "connectionReferenceLogicalName": "creee_sharedsharepointonline_a438a"
        },
        "api": {
          "name": "shared_sharepointonline"
        }
      },
      "shared_office365_1": {
        "runtimeSource": "embedded",
        "connection": {
          "connectionReferenceLogicalName": "creee_sharedoffice365_fd6e1"
        },
        "api": {
          "name": "shared_office365"
        }
      }
    },
    "definition": {
      "$schema": "https://schema.management.azure.com/providers/Microsoft.Logic/schemas/2016-06-01/workflowdefinition.json#",
      "contentVersion": "undefined",
      "parameters": {
        "$authentication": {
          "defaultValue": {},
          "type": "SecureObject"
        },
        "$connections": {
          "defaultValue": {},
          "type": "Object"
        }
      },
      "triggers": {
        "Recurrence": {
          "recurrence": {
            "frequency": "Day",
            "interval": 1,
            "timeZone": "Greenwich Standard Time",
            "startTime": "2025-04-07T06:00:00Z",
            "schedule": {
              "hours": [
                "8"
              ]
            }
          },
          "metadata": {
            "operationMetadataId": "04239178-3c6b-4254-a332-90239583e8c9"
          },
          "type": "Recurrence"
        }
      },
      "actions": {
        "Not_Logged": {
          "runAfter": {},
          "metadata": {
            "operationMetadataId": "3ef814d2-3948-4573-b8e6-0b26266fa48f"
          },
          "type": "OpenApiConnection",
          "inputs": {
            "parameters": {
              "dataset": "https://a830edad9050849tsqb9gp2rpoc-my.sharepoint.com/personal/nerea_a830edad9050849tsqb9gp2rpoc_onmicrosoft_com",
              "table": "1f0ab74d-272b-4492-84f3-26046d8bbc12",
              "$filter": "field_6 eq 'False'",
              "$orderby": "ID desc",
              "view": "f0f783f7-59a6-4a16-bd34-9ff319a66ffa"
            },
            "host": {
              "apiId": "/providers/Microsoft.PowerApps/apis/shared_sharepointonline",
              "connectionName": "shared_sharepointonline_1",
              "operationId": "GetItems"
            },
            "authentication": "@parameters('$authentication')"
          },
          "runtimeConfiguration": {
            "paginationPolicy": {
              "minimumItemCount": 1000
            }
          }
        },
        "For_every_memeber_of_the_group-copy": {
          "foreach": "@outputs('Not_Logged')?['body/value']",
          "actions": {
            "Send_an_email_(V2)": {
              "metadata": {
                "operationMetadataId": "db92ec4e-86d0-499c-9666-6f09d1324eb8"
              },
              "type": "OpenApiConnection",
              "inputs": {
                "parameters": {
                  "emailMessage/To": "@items('For_every_memeber_of_the_group-copy')?['field_2']",
                  "emailMessage/Subject": "Mandatory Action Required | Access Readiness Apps Now",
                  "emailMessage/Body": "<p class=\"editor-paragraph\">Dear @{items('For_every_memeber_of_the_group-copy')?['field_1']},<br><br>We are writing to remind you that accessing Readiness Apps is a mandatory requirement for all ambassadors. Our records indicate that you have not yet register into the app to complete this crucial step.<br><br>Please note that failure to register into the platform may result in the deactivation of your account. This step is essential to ensure your eligibility for the program, as well as compliance with the standards that uphold the quality of our ambassador community.<br><br>We strongly urge you to register into the app without further delay to avoid any disruption. If you require assistance or have any questions about the app, please replay this email.<br><br>Warm regards,<br><b><strong class=\"editor-text-bold\">GIGPLUS</strong></b></p>",
                  "emailMessage/ReplyTo": "v-jtallman@microsoft.com; v-ttormopla@microsoft.com; v-nereag@microsoft.com; v-martaib@microsoft.com; v-estrellah@microsoft.com",
                  "emailMessage/Importance": "High"
                },
                "host": {
                  "apiId": "/providers/Microsoft.PowerApps/apis/shared_office365",
                  "connectionName": "shared_office365_1",
                  "operationId": "SendEmailV2"
                },
                "authentication": "@parameters('$authentication')"
              }
            }
          },
          "runAfter": {
            "Not_Logged": [
              "Succeeded"
            ]
          },
          "metadata": {
            "operationMetadataId": "50afe569-5c16-45b4-a811-8075113885ff"
          },
          "type": "Foreach"
        }
      }
    },
    "templateName": null
  },
  "schemaVersion": "1.0.0.0"
}