{
  "properties": {
    "connectionReferences": {
      "shared_sharepointonline": {
        "runtimeSource": "embedded",
        "connection": {
          "connectionReferenceLogicalName": "creee_sharedsharepointonline_a438a"
        },
        "api": {
          "name": "shared_sharepointonline"
        }
      },
      "shared_office365_1": {
        "runtimeSource": "embedded",
        "connection": {
          "connectionReferenceLogicalName": "creee_sharedoffice365_fd6e1"
        },
        "api": {
          "name": "shared_office365"
        }
      }
    },
    "definition": {
      "$schema": "https://schema.management.azure.com/providers/Microsoft.Logic/schemas/2016-06-01/workflowdefinition.json#",
      "contentVersion": "undefined",
      "parameters": {
        "$authentication": {
          "defaultValue": {},
          "type": "SecureObject"
        },
        "$connections": {
          "defaultValue": {},
          "type": "Object"
        }
      },
      "triggers": {
        "Recurrence": {
          "recurrence": {
            "frequency": "Day",
            "interval": 1,
            "timeZone": "Greenwich Standard Time",
            "schedule": {
              "hours": [
                "8"
              ]
            }
          },
          "metadata": {
            "operationMetadataId": "93c842f8-3998-4445-aecc-07b2cc7dbc1a"
          },
          "type": "Recurrence"
        }
      },
      "actions": {
        "Get_items": {
          "runAfter": {},
          "metadata": {
            "operationMetadataId": "f0f21e0f-e77d-4966-965d-af41360ff3b1"
          },
          "type": "OpenApiConnection",
          "inputs": {
            "parameters": {
              "dataset": "https://a830edad9050849tsqb9gp2rpoc-my.sharepoint.com/personal/nerea_a830edad9050849tsqb9gp2rpoc_onmicrosoft_com",
              "table": "e609c999-7d94-49b0-b512-1b95ebbaba1b",
              "$filter": "field_163 ne 'Finished'",
              "$orderby": "ID desc",
              "view": "f29def5e-7e0a-41d1-be11-5e26e782b30c"
            },
            "host": {
              "apiId": "/providers/Microsoft.PowerApps/apis/shared_sharepointonline",
              "connectionName": "shared_sharepointonline",
              "operationId": "GetItems"
            },
            "authentication": "@parameters('$authentication')"
          },
          "runtimeConfiguration": {
            "paginationPolicy": {
              "minimumItemCount": 1000
            }
          }
        },
        "Apply_to_each": {
          "foreach": "@outputs('Get_items')?['body/value']",
          "actions": {
            "Condition": {
              "actions": {
                "Send_an_email_(V2)": {
                  "metadata": {
                    "operationMetadataId": "055ab950-91fe-4e6d-973e-5d6dc24dd5c1"
                  },
                  "type": "OpenApiConnection",
                  "inputs": {
                    "parameters": {
                      "emailMessage/To": "@items('Apply_to_each')?['field_4']",
                      "emailMessage/Subject": "Completion of Readiness Apps Required to Maintain Your Account",
                      "emailMessage/Body": "<p class=\"editor-paragraph\">Dear @{items('Apply_to_each')?['field_1']} @{items('Apply_to_each')?['field_2']},<br><br>We are writing to remind you that completing Readiness App is a mandatory requirement for all ambassadors. Our records indicate that your course remains incomplete.<br><br>Please be aware that if the app is not complete your account may be deactivated. This step is necessary to take your final assessment with GIGPLUS and to ensure compliance with the program’s standards to maintain the quality of our ambassador community.<br><br>We strongly encourage you to complete the app as soon as possible to avoid any disruption. If you need assistance or have questions about the course, please click the 'Need help?' button located at the top-right corner of the app.</p><p class=\"editor-paragraph\"><br><b><strong class=\"editor-text-bold\">Please note that this is an automated message. Replies to this email will not be monitored.</strong></b><br><br>Warm regards,<br><b><strong class=\"editor-text-bold\">GIGPLUS</strong></b></p>",
                      "emailMessage/ReplyTo": "noreply@noreply.com",
                      "emailMessage/Importance": "High"
                    },
                    "host": {
                      "apiId": "/providers/Microsoft.PowerApps/apis/shared_office365",
                      "connectionName": "shared_office365_1",
                      "operationId": "SendEmailV2"
                    },
                    "authentication": "@parameters('$authentication')"
                  }
                }
              },
              "else": {
                "actions": {}
              },
              "expression": {
                "and": [
                  {
                    "less": [
                      "@items('Apply_to_each')?['field_7']",
                      "@addDays(utcNow(), -2)"
                    ]
                  },
                  {
                    "not": {
                      "equals": [
                        "@items('Apply_to_each')?['field_163/Value']",
                        "Finished"
                      ]
                    }
                  },
                  {
                    "equals": [
                      "@items('Apply_to_each')?['field_6/Value']",
                      "Active"
                    ]
                  }
                ]
              },
              "metadata": {
                "operationMetadataId": "a17b513c-31bd-47c8-87de-79e9c26556f3"
              },
              "type": "If"
            }
          },
          "runAfter": {
            "Get_items": [
              "Succeeded"
            ]
          },
          "metadata": {
            "operationMetadataId": "05560c26-810b-41c9-8504-da193ac0e383"
          },
          "type": "Foreach"
        }
      }
    },
    "templateName": null
  },
  "schemaVersion": "1.0.0.0"
}