{
  "properties": {
    "connectionReferences": {
      "shared_sharepointonline_1": {
        "runtimeSource": "invoker",
        "connection": {
          "connectionReferenceLogicalName": "creee_sharedsharepointonline_a438a"
        },
        "api": {
          "name": "shared_sharepointonline"
        }
      },
      "shared_office365_1": {
        "runtimeSource": "invoker",
        "connection": {
          "connectionReferenceLogicalName": "creee_sharedoffice365_fd6e1"
        },
        "api": {
          "name": "shared_office365"
        }
      }
    },
    "definition": {
      "$schema": "https://schema.management.azure.com/providers/Microsoft.Logic/schemas/2016-06-01/workflowdefinition.json#",
      "contentVersion": "undefined",
      "parameters": {
        "$authentication": {
          "defaultValue": {},
          "type": "SecureObject"
        },
        "$connections": {
          "defaultValue": {},
          "type": "Object"
        }
      },
      "triggers": {
        "manual": {
          "metadata": {
            "operationMetadataId": "6abcccab-7f90-4fa6-9f5c-32e0c9d2a710"
          },
          "type": "Request",
          "kind": "Button",
          "inputs": {
            "schema": {
              "type": "object",
              "properties": {},
              "required": []
            }
          }
        }
      },
      "actions": {
        "Get_items": {
          "runAfter": {},
          "metadata": {
            "operationMetadataId": "6063a02a-8062-403c-b8e9-bb1dc4075c05"
          },
          "type": "OpenApiConnection",
          "inputs": {
            "parameters": {
              "dataset": "https://a830edad9050849tsqb9gp2rpoc-my.sharepoint.com/personal/nerea_a830edad9050849tsqb9gp2rpoc_onmicrosoft_com",
              "table": "1f0ab74d-272b-4492-84f3-26046d8bbc12",
              "$filter": "field_7 eq 'False'",
              "$orderby": "ID desc",
              "view": "f0f783f7-59a6-4a16-bd34-9ff319a66ffa"
            },
            "host": {
              "apiId": "/providers/Microsoft.PowerApps/apis/shared_sharepointonline",
              "connectionName": "shared_sharepointonline_1",
              "operationId": "GetItems"
            },
            "authentication": {
              "value": "@json(decodeBase64(triggerOutputs().headers['X-MS-APIM-Tokens']))['$ConnectionKey']",
              "type": "Raw"
            }
          },
          "runtimeConfiguration": {
            "paginationPolicy": {
              "minimumItemCount": 1000
            }
          }
        },
        "Apply_to_each": {
          "foreach": "@outputs('Get_items')?['body/value']",
          "actions": {
            "Send_an_email_(V2)": {
              "metadata": {
                "operationMetadataId": "d09d68b9-90a5-464d-a187-0ffb8202c53f"
              },
              "type": "OpenApiConnection",
              "inputs": {
                "parameters": {
                  "emailMessage/To": "@{items('Apply_to_each')?['field_2']}; @{items('Apply_to_each')?['field_5']}",
                  "emailMessage/Subject": "[ IMPORTANT ] Your credentials to the Readiness Apps",
                  "emailMessage/Body": "<p class=\"editor-paragraph\">Hi @{items('Apply_to_each')?['field_1']},<br><br>Please find attached instructions and credentials to access Readiness Apps, where you will be able to complete the mandatory learning path required to complete the GIGPLUS onboarding.<br><br>1. Open Edge outside the Centurion Virtual PC.<br><br>2. Log in to Microsoft 365 with the following credentials for our test tenant.<br><b><strong class=\"editor-text-bold\">User:</strong></b> @{items('Apply_to_each')?['field_3']}<br><b><strong class=\"editor-text-bold\">Password:</strong></b> @{items('Apply_to_each')?['field_4']}</p><br><p class=\"editor-paragraph\">3. Access to outlook and sharepoint before using the app. Some of these services are not provisioned until the user accesses it for the first time.<br>Outlook -&gt; <a href=\"https://outlook.office.com\" class=\"editor-link\">https://outlook.office.com</a></p><p class=\"editor-paragraph\">Sharepoint -&gt; <a href=\"https://a830edad9050849TSqB9Gp2RPoC.sharepoint.com\" class=\"editor-link\">https://a830edad9050849TSqB9Gp2RPoC.sharepoint.com</a></p><p class=\"editor-paragraph\"><br>4. Access the app:<br><a href=\"https://apps.powerapps.com/play/e/default-789ef56b-19f0-4a56-a9d4-0de83ab5b77b/a/ef27271a-3f4a-42de-bd01-7f2a9dcd8294?tenantId=789ef56b-19f0-4a56-a9d4-0de83ab5b77b&amp;hint=8a14af83-1185-4434-909e-af7a13d3ca9b&amp;sourcetime=1747064794964\" class=\"editor-link\">https://apps.powerapps.com/play/e/default-789ef56b-19f0-4a56-a9d4-0de83ab5b77b/a/ef27271a-3f4a-42de-bd01-7f2a9dcd8294?tenantId=789ef56b-19f0-4a56-a9d4-0de83ab5b77b&amp;hint=8a14af83-1185-4434-909e-af7a13d3ca9b&amp;sourcetime=1747064794964</a><br><b><strong class=\"editor-text-bold\">Note: </strong></b>If you see a pop-up for \"Start a free trial\", click on it, then on \"Start a 30-day trial\" and follow steps. This will allow you to use all the features without any restrictions.<br><br>5. Register on the app with your MID email address \"@{items('Apply_to_each')?['field_2']}\", <b><strong class=\"editor-text-bold\">complete all learning units and final assessments.</strong></b></p><br><p class=\"editor-paragraph\"><b><strong class=\"editor-text-bold\">Note:</strong></b> Link to SuccessFactors: Home (needed on PLG foundations learning unit) only accessible from inside the managed MID PC:<br><a href=\"https://hcm41.sapsf.com/sf/home?bplte_company=microsofAP2&amp;_s.crb=61RSPUsGDyB2ND%252bUTCOBYFM2BbGUivvNatcjdPn4A4g%253d\" class=\"editor-link\">https://hcm41.sapsf.com/sf/home?bplte_company=microsofAP2&amp;_s.crb=61RSPUsGDyB2ND%252bUTCOBYFM2BbGUivvNatcjdPn4A4g%253d</a><br><br>Completing this training is mandatory and necessary for your continuity in the program. <b><strong class=\"editor-text-bold\">Please ensure that all learning units are complete by Thursday end of day.</strong></b><br><br>Please let us know if you have any issues logging in or usign the apps by replying to this email.<br><br>All the best,</p><p class=\"editor-paragraph\">Innovation Team</p>",
                  "emailMessage/ReplyTo": "v-ttormopla@microsoft.com; v-nereag@microsoft.com; v-martaib@microsoft.com; v-estrellah@microsoft.com",
                  "emailMessage/Importance": "High"
                },
                "host": {
                  "apiId": "/providers/Microsoft.PowerApps/apis/shared_office365",
                  "connectionName": "shared_office365_1",
                  "operationId": "SendEmailV2"
                },
                "authentication": {
                  "value": "@json(decodeBase64(triggerOutputs().headers['X-MS-APIM-Tokens']))['$ConnectionKey']",
                  "type": "Raw"
                }
              }
            },
            "Update_item_1": {
              "runAfter": {
                "Send_an_email_(V2)": [
                  "Succeeded"
                ]
              },
              "type": "OpenApiConnection",
              "inputs": {
                "parameters": {
                  "dataset": "https://a830edad9050849tsqb9gp2rpoc-my.sharepoint.com/personal/nerea_a830edad9050849tsqb9gp2rpoc_onmicrosoft_com",
                  "table": "1f0ab74d-272b-4492-84f3-26046d8bbc12",
                  "id": "@items('Apply_to_each')?['ID']",
                  "item/field_7/Value": "True"
                },
                "host": {
                  "apiId": "/providers/Microsoft.PowerApps/apis/shared_sharepointonline",
                  "connectionName": "shared_sharepointonline_1",
                  "operationId": "PatchItem"
                },
                "authentication": {
                  "value": "@json(decodeBase64(triggerOutputs().headers['X-MS-APIM-Tokens']))['$ConnectionKey']",
                  "type": "Raw"
                }
              }
            }
          },
          "runAfter": {
            "Get_items": [
              "Succeeded"
            ]
          },
          "metadata": {
            "operationMetadataId": "343ca04f-558d-4aa4-9ecf-77ed5e24dff9"
          },
          "type": "Foreach"
        }
      }
    },
    "templateName": null
  },
  "schemaVersion": "1.0.0.0"
}