{
  "properties": {
    "connectionReferences": {
      "shared_sharepointonline_1": {
        "runtimeSource": "invoker",
        "connection": {
          "connectionReferenceLogicalName": "creee_sharedsharepointonline_a438a"
        },
        "api": {
          "name": "shared_sharepointonline"
        }
      },
      "shared_office365_1": {
        "runtimeSource": "invoker",
        "connection": {
          "connectionReferenceLogicalName": "creee_sharedoffice365_fd6e1"
        },
        "api": {
          "name": "shared_office365"
        }
      }
    },
    "definition": {
      "$schema": "https://schema.management.azure.com/providers/Microsoft.Logic/schemas/2016-06-01/workflowdefinition.json#",
      "contentVersion": "1.0.0.0",
      "parameters": {
        "$authentication": {
          "defaultValue": {},
          "type": "SecureObject"
        },
        "$connections": {
          "defaultValue": {},
          "type": "Object"
        }
      },
      "triggers": {
        "manual": {
          "metadata": {
            "operationMetadataId": "8b84940e-4c2b-4458-8a57-a14e1901029c"
          },
          "type": "Request",
          "kind": "PowerAppV2",
          "inputs": {
            "schema": {
              "type": "object",
              "properties": {
                "text": {
                  "title": "Text",
                  "type": "string",
                  "x-ms-dynamically-added": true,
                  "description": "Help text",
                  "x-ms-content-hint": "TEXT"
                },
                "text_1": {
                  "title": "Id",
                  "type": "string",
                  "x-ms-dynamically-added": true,
                  "description": "MID",
                  "x-ms-content-hint": "TEXT"
                }
              },
              "required": [
                "text",
                "text_1"
              ]
            }
          }
        }
      },
      "actions": {
        "Obtener_elementos": {
          "runAfter": {},
          "metadata": {
            "operationMetadataId": "5869ad4e-084c-46e7-85f7-0356134b6220"
          },
          "type": "OpenApiConnection",
          "inputs": {
            "parameters": {
              "dataset": "https://a830edad9050849tsqb9gp2rpoc-my.sharepoint.com/personal/nerea_a830edad9050849tsqb9gp2rpoc_onmicrosoft_com",
              "table": "e609c999-7d94-49b0-b512-1b95ebbaba1b",
              "$filter": "field_4 eq '@{triggerBody()?['text_1']}'"
            },
            "host": {
              "apiId": "/providers/Microsoft.PowerApps/apis/shared_sharepointonline",
              "connectionName": "shared_sharepointonline_1",
              "operationId": "GetItems"
            },
            "authentication": {
              "value": "@json(decodeBase64(triggerOutputs().headers['X-MS-APIM-Tokens']))['$ConnectionKey']",
              "type": "Raw"
            }
          },
          "runtimeConfiguration": {
            "paginationPolicy": {
              "minimumItemCount": 2000
            }
          }
        },
        "Apply_to_each": {
          "foreach": "@outputs('Obtener_elementos')?['body/value']",
          "actions": {
            "Send_an_email_(V2)": {
              "metadata": {
                "operationMetadataId": "9150ee02-c923-4209-b565-a4f938d6e8be"
              },
              "type": "OpenApiConnection",
              "inputs": {
                "parameters": {
                  "emailMessage/To": "v-jtallman@microsoft.com",
                  "emailMessage/Subject": "@{items('Apply_to_each')?['field_1']} @{items('Apply_to_each')?['field_2']} Need Help with Onboarding",
                  "emailMessage/Body": "<p class=\"editor-paragraph\">@{items('Apply_to_each')?['field_1']} @{items('Apply_to_each')?['field_2']} with MID account @{items('Apply_to_each')?['field_4']}, need help. You can answer him, just replaying this email.</p><p class=\"editor-paragraph\"><br>Issue:<br>@{triggerBody()?['text']}</p>",
                  "emailMessage/Cc": "v-nereag@microsoft.com;v-martaib@microsoft.com;v-estrellah@microsoft.com;v-ttormopla@microsoft.com",
                  "emailMessage/ReplyTo": "@items('Apply_to_each')?['field_4']",
                  "emailMessage/Importance": "Normal"
                },
                "host": {
                  "apiId": "/providers/Microsoft.PowerApps/apis/shared_office365",
                  "connectionName": "shared_office365_1",
                  "operationId": "SendEmailV2"
                },
                "authentication": {
                  "value": "@json(decodeBase64(triggerOutputs().headers['X-MS-APIM-Tokens']))['$ConnectionKey']",
                  "type": "Raw"
                }
              }
            }
          },
          "runAfter": {
            "Obtener_elementos": [
              "Succeeded"
            ]
          },
          "metadata": {
            "operationMetadataId": "8efd084f-dbcf-45d7-8d1f-7d69772689ca"
          },
          "type": "Foreach"
        }
      }
    },
    "templateName": null
  },
  "schemaVersion": "1.0.0.0"
}